id,species,order,digestive_habitat_type,diet,surrounding_habitat,category
MVB2015-2006,scinax fuscovarius,anura,intestine,carnivore,freshwater,1
MVB2015-2008,scinax fuscovarius,anura,intestine,carnivore,freshwater,1
MVB2015-2010,scinax fuscovarius,anura,intestine,carnivore,freshwater,1
MVB2015-2012,scinax fuscovarius,anura,intestine,carnivore,freshwater,1
MVB2015-2024,dendropsophus minutus,anura,intestine,carnivore,freshwater,1
MVB2015-2026,physalaemus cuvieri,anura,intestine,carnivore,freshwater,1
MVB2015-2028,physalaemus cuvieri,anura,intestine,carnivore,freshwater,1
MVB2015-2030,physalaemus cuvieri,anura,intestine,carnivore,freshwater,1
MVB2015-2032,physalaemus cuvieri,anura,intestine,carnivore,freshwater,1
MVB2015-2034,physalaemus cuvieri,anura,intestine,carnivore,freshwater,1
MVB2015-2036,dendropsophus sanborni,anura,intestine,carnivore,freshwater,1
MVB2015-2040,dendropsophus sanborni,anura,intestine,carnivore,freshwater,1
MVB2015-2042,physalaemus cuvieri,anura,intestine,carnivore,freshwater,1
MVB2015-2084,physalaemus cuvieri,anura,intestine,carnivore,freshwater,1
MVB2015-2090,hypsiboas albopunctatus,anura,intestine,carnivore,freshwater,1
MVB2015-2094,hypsiboas faber,anura,intestine,carnivore,freshwater,1
MVB2015-2212,hypsiboas albopunctatus,anura,intestine,carnivore,freshwater,1
MVB2015-2221,cycloramphus boraceiensis,anura,intestine,carnivore,freshwater,1
MVB2015-2225,hylodes phyllodes,anura,intestine,carnivore,freshwater,1
MVB2015-2262,thoropa taophora,anura,intestine,carnivore,freshwater,1
MVB2015-2268,thoropa taophora,anura,intestine,carnivore,freshwater,1
MVB2015-2294,scinax littoralis,anura,intestine,carnivore,freshwater,1
MVB2015-4857,phasmahyla cruzi,anura,intestine,carnivore,freshwater,1
MVB2015-4865,hylodes asper,anura,intestine,carnivore,freshwater,1
MVB2015-4867,hylodes asper,anura,intestine,carnivore,freshwater,1
MVB2015-4873,phasmahyla cruzi,anura,intestine,carnivore,freshwater,1
MVB2015-4883,phasmahyla cruzi,anura,intestine,carnivore,freshwater,1
MVB2015-4917,hylodes asper,anura,intestine,carnivore,freshwater,1
MVB2015-4932,thoropa taophora,anura,intestine,carnivore,freshwater,1
MVB2015-4934,thoropa taophora,anura,intestine,carnivore,freshwater,1
MVB2015-4950,hypsiboas albomarginatus,anura,intestine,carnivore,freshwater,1
MVB2015-4956,hypsiboas albomarginatus,anura,intestine,carnivore,freshwater,1
MVB2015-4958,hypsiboas faber,anura,intestine,carnivore,freshwater,1
MVB2015-4962,hypsiboas albomarginatus,anura,intestine,carnivore,freshwater,1
MVB2015-4974,scinax hayii,anura,intestine,carnivore,freshwater,1
MVB2015-5082,hylodes phyllodes,anura,intestine,carnivore,freshwater,1
MVB2015-5086,hylodes phyllodes,anura,intestine,carnivore,freshwater,1
MVB2015-5090,hylodes asper,anura,intestine,carnivore,freshwater,1
MVB2015-5114,scinax littoralis,anura,intestine,carnivore,freshwater,1
MVB2015-5121,hypsiboas albomarginatus,anura,intestine,carnivore,freshwater,1
MVB2015-5131,hypsiboas albomarginatus,anura,intestine,carnivore,freshwater,1
MVB2015-5143,hypsiboas albomarginatus,anura,intestine,carnivore,freshwater,1
MVB2015-5145,hypsiboas albomarginatus,anura,intestine,carnivore,freshwater,1
MVB2015-5162,hypsiboas albomarginatus,anura,intestine,carnivore,freshwater,1
Tad.I.002,boophis sp,anura,intestine,carnivore,freshwater,1
Tad.I.004,boophis sp,anura,intestine,carnivore,freshwater,1
Tad.I.010,boophis sp,anura,intestine,carnivore,freshwater,1
Tad.I.014,boophis sp,anura,intestine,carnivore,freshwater,1
Tad.I.061,boophis sp,anura,intestine,carnivore,freshwater,1
Tad.I.073,boophis sp,anura,intestine,carnivore,freshwater,1
940.P.04.Fecal,gila robusta,cypriniformes,fecal,carnivore,freshwater,1
940.P.01.Fecal,gila robusta,cypriniformes,fecal,carnivore,freshwater,1
940.P.02.Fecal,gila robusta,cypriniformes,fecal,carnivore,freshwater,1
940.F.01,catostomus sp,cypriniformes,fecal,detritivore_scavenger,freshwater,1
940.P.03.Fecal,catostomus sp,cypriniformes,fecal,detritivore_scavenger,freshwater,1
940.CR.54.Fecal,catostomus sp,cypriniformes,fecal,detritivore_scavenger,freshwater,1
940.CR.58.Fecal,catostomus sp,cypriniformes,fecal,detritivore_scavenger,freshwater,1
940.CR.47.Fecal,catostomus sp,cypriniformes,fecal,detritivore_scavenger,freshwater,1
940.P.16.Fecal,catostomus sp,cypriniformes,fecal,detritivore_scavenger,freshwater,1
940.CR.52.Fecal,catostomus sp,cypriniformes,fecal,detritivore_scavenger,freshwater,1
940.CARP.10.Fecal,cyprinus carpio,cypriniformes,fecal,omnivore,freshwater,1
940.CR.29.Fecal,cyprinus carpio,cypriniformes,fecal,omnivore,freshwater,1
ERR526320,gasterosteus aculeatus,gasterosteiformes,intestine,omnivore,freshwater,1
ERR526353,gasterosteus aculeatus,gasterosteiformes,intestine,omnivore,freshwater,1
ERR526366,gasterosteus aculeatus,gasterosteiformes,intestine,omnivore,freshwater,1
ERR526380,gasterosteus aculeatus,gasterosteiformes,intestine,omnivore,freshwater,1
ERR526382,gasterosteus aculeatus,gasterosteiformes,intestine,omnivore,freshwater,1
894.F1455.lane5.NoIndex.L005,felis catus,carnivora,fecal,carnivore,terrestrial,1
894.F1454.lane5.NoIndex.L005,felis catus,carnivora,fecal,carnivore,terrestrial,1
894.F1453.lane5.NoIndex.L005,felis catus,carnivora,fecal,carnivore,terrestrial,1
894.UY730.lane3.NoIndex.L003,felis catus,carnivora,fecal,carnivore,terrestrial,1
SRR1523374,acinonyx jubatus,carnivora,fecal,carnivore,terrestrial,1
SRR1523378,acinonyx jubatus,carnivora,fecal,carnivore,terrestrial,1
SRR1523382,acinonyx jubatus,carnivora,fecal,carnivore,terrestrial,1
SRR1523384,acinonyx jubatus,carnivora,fecal,carnivore,terrestrial,1
SRR1523388,acinonyx jubatus,carnivora,fecal,carnivore,terrestrial,1
SRR1523390,acinonyx jubatus,carnivora,fecal,carnivore,terrestrial,1
SRR1523386,acinonyx jubatus,carnivora,fecal,carnivore,terrestrial,1
1734.LD.NBS1053E,desmodus rotundus,chiroptera,fecal,carnivore,terrestrial,1
1734.LD.NBS1084B,mormoops megalophylla,chiroptera,fecal,carnivore,terrestrial,1
1734.LD.NBS1069E,molossus sinaloae,chiroptera,fecal,carnivore,terrestrial,1
1056.Pri.max.Seat.2.13B02,priodontes maximus,cingulata,fecal,carnivore,terrestrial,1
1056.Pri.max.Seat.04J09,priodontes maximus,cingulata,fecal,carnivore,terrestrial,1
1056.Zae.pic.Mend.2,zaedyus pichiy,cingulata,fecal,carnivore,terrestrial,1
1056.Pri.max.Seat.2.02V07,priodontes maximus,cingulata,fecal,carnivore,terrestrial,1
ERR1306170,pheidole sp,hymenoptera,intestine,carnivore,terrestrial,1
ERR1306309,pachycondyla sp,hymenoptera,intestine,carnivore,terrestrial,1
ERR1720385,feniseca tarquinius,lepidoptera,intestine,carnivore,terrestrial,1
ERR1720386,feniseca tarquinius,lepidoptera,intestine,carnivore,terrestrial,1
ERR1720388,feniseca tarquinius,lepidoptera,stomach,carnivore,terrestrial,1
ERR1720389,feniseca tarquinius,lepidoptera,stomach,carnivore,terrestrial,1
ERR1720391,feniseca tarquinius,lepidoptera,stomach,carnivore,terrestrial,1
ERR1720392,feniseca tarquinius,lepidoptera,stomach,carnivore,terrestrial,1
ERR1720473,logania marmorata,lepidoptera,stomach,carnivore,terrestrial,1
ERR1720474,logania marmorata,lepidoptera,stomach,carnivore,terrestrial,1
ERR1720493,aloeides pallida,lepidoptera,stomach,carnivore,terrestrial,1
ERR1720512,lepidochrysops wykehami,lepidoptera,stomach,carnivore,terrestrial,1
ERR1720516,lepidochrysops wykehami,lepidoptera,stomach,carnivore,terrestrial,1
ERR1720517,lepidochrysops wykehami,lepidoptera,stomach,carnivore,terrestrial,1
ERR1720521,lepidochrysops wykehami,lepidoptera,intestine,carnivore,terrestrial,1
1056.Myr.tri.Seat.27.04K10,myrmecophaga tridactyla,pilosa,fecal,carnivore,terrestrial,1
1056.Myr.tri.Seat.20.04K11,myrmecophaga tridactyla,pilosa,fecal,carnivore,terrestrial,1
1056.Myr.tri.Seat.5.3502,myrmecophaga tridactyla,pilosa,fecal,carnivore,terrestrial,1
1056.Myr.tri.Seat.05D02,myrmecophaga tridactyla,pilosa,fecal,carnivore,terrestrial,1
SRR6075097,shinisaurus crocodilurus,squamata,fecal,carnivore,terrestrial,1
SRR6075100,shinisaurus crocodilurus,squamata,fecal,carnivore,terrestrial,1
10.4.2.21.7.2014,teuchestes fossor,coleoptera,intestine,detritivore_scavenger,terrestrial,1
10.4.3.21.7.2014,teuchestes fossor,coleoptera,intestine,detritivore_scavenger,terrestrial,1
13.7.3.21.7.14,teuchestes fossor,coleoptera,intestine,detritivore_scavenger,terrestrial,1
17.9.F.16.6.14,teuchestes fossor,coleoptera,intestine,detritivore_scavenger,terrestrial,1
17.9.M.16.6.14,teuchestes fossor,coleoptera,intestine,detritivore_scavenger,terrestrial,1
28.8.F.16.6.2014,teuchestes fossor,coleoptera,intestine,detritivore_scavenger,terrestrial,1
30.6.M.16.6.2014,teuchestes fossor,coleoptera,intestine,detritivore_scavenger,terrestrial,1
894.MR209.lane3.NoIndex.L003,anser sp,anseriformes,fecal,herbivore,terrestrial,1
894.OS439.lane3.NoIndex.L003,anser sp,anseriformes,fecal,herbivore,terrestrial,1
SRR2006076,anser indicus,anseriformes,fecal,herbivore,terrestrial,1
SRR2006080,anser indicus,anseriformes,fecal,herbivore,terrestrial,1
SRR2006084,anser indicus,anseriformes,fecal,herbivore,terrestrial,1
SRR2006088,anser indicus,anseriformes,fecal,herbivore,terrestrial,1
SRR2006092,anser indicus,anseriformes,fecal,herbivore,terrestrial,1
SRR2006093,anser indicus,anseriformes,fecal,herbivore,terrestrial,1
SRR2006094,anser indicus,anseriformes,fecal,herbivore,terrestrial,1
SRR2532226,ovis aries,artiodactyla,stomach,herbivore,terrestrial,1
SRR2532229,ovis aries,artiodactyla,intestine,herbivore,terrestrial,1
SRR2532230,ovis aries,artiodactyla,fecal,herbivore,terrestrial,1
SRR2532240,ovis aries,artiodactyla,intestine,herbivore,terrestrial,1
SRR2532243,ovis aries,artiodactyla,intestine,herbivore,terrestrial,1
SRR2532245,ovis aries,artiodactyla,stomach,herbivore,terrestrial,1
SRR2532253,ovis aries,artiodactyla,stomach,herbivore,terrestrial,1
SRR2532256,ovis aries,artiodactyla,stomach,herbivore,terrestrial,1
SRR2532257,ovis aries,artiodactyla,stomach,herbivore,terrestrial,1
33.8.20.6.2014,bos taurus,artiodactyla,fecal,herbivore,terrestrial,1
43.8.20.6.2014,bos taurus,artiodactyla,fecal,herbivore,terrestrial,1
49.5.11.6.2014,bos taurus,artiodactyla,fecal,herbivore,terrestrial,1
52.4.20.6.14,bos taurus,artiodactyla,fecal,herbivore,terrestrial,1
54.4.20.6.14,bos taurus,artiodactyla,fecal,herbivore,terrestrial,1
67.6.11.6.2014,bos taurus,artiodactyla,fecal,herbivore,terrestrial,1
74.4.20.6.14,bos taurus,artiodactyla,fecal,herbivore,terrestrial,1
894.MR511.lane3.NoIndex.L003,rusa unicolor,artiodactyla,fecal,herbivore,terrestrial,1
894.OS584.lane3.NoIndex.L003,rusa unicolor,artiodactyla,fecal,herbivore,terrestrial,1
894.OS1922.lane2.NoIndex.L002,rusa unicolor,artiodactyla,fecal,herbivore,terrestrial,1
894.SV1546.lane5.NoIndex.L005,rusa unicolor,artiodactyla,fecal,herbivore,terrestrial,1
894.OS1246.lane5.NoIndex.L005,rusa unicolor,artiodactyla,fecal,herbivore,terrestrial,1
894.OR386.lane3.NoIndex.L003,rusa unicolor,artiodactyla,fecal,herbivore,terrestrial,1
894.YY1873.lane2.NoIndex.L002,rusa unicolor,artiodactyla,fecal,herbivore,terrestrial,1
894.YY1649.lane5.NoIndex.L005,rusa unicolor,artiodactyla,fecal,herbivore,terrestrial,1
894.UY1784.lane5.NoIndex.L005,rusa unicolor,artiodactyla,fecal,herbivore,terrestrial,1
894.OS1242.lane5.NoIndex.L005,rusa unicolor,artiodactyla,fecal,herbivore,terrestrial,1
1734.LD.Carsow1,carollia sowelli,chiroptera,fecal,herbivore,terrestrial,1
1734.LD.QCAZ.M50991,sturnira erythromos,chiroptera,fecal,herbivore,terrestrial,1
1734.BD.ERD506,carollia sowelli,chiroptera,fecal,herbivore,terrestrial,1
894.OS590.lane3.NoIndex.L003,vombatidae,diprotodontia,fecal,herbivore,terrestrial,1
894.OS465.lane3.NoIndex.L003,vombatidae,diprotodontia,fecal,herbivore,terrestrial,1
894.YY1654.lane5.NoIndex.L005,trichosurus caninus,diprotodontia,fecal,herbivore,terrestrial,1
894.MR298.lane3.NoIndex.L003,vombatidae,diprotodontia,fecal,herbivore,terrestrial,1
894.YY1655.lane5.NoIndex.L005,trichosurus caninus,diprotodontia,fecal,herbivore,terrestrial,1
894.OS591.lane3.NoIndex.L003,vombatidae,diprotodontia,fecal,herbivore,terrestrial,1
894.SV1424.lane5.NoIndex.L005,vombatidae,diprotodontia,fecal,herbivore,terrestrial,1
894.SV1543.lane5.NoIndex.L005,macropus sp,diprotodontia,fecal,herbivore,terrestrial,1
894.YY1652.lane5.NoIndex.L005,trichosurus caninus,diprotodontia,fecal,herbivore,terrestrial,1
894.C1525.lane5.NoIndex.L005,macropus sp,diprotodontia,fecal,herbivore,terrestrial,1
894.YY1653.lane5.NoIndex.L005,trichosurus caninus,diprotodontia,fecal,herbivore,terrestrial,1
894.SL877.lane3.NoIndex.L003,macropus sp,diprotodontia,fecal,herbivore,terrestrial,1
894.UY718.lane3.NoIndex.L003,vombatidae,diprotodontia,fecal,herbivore,terrestrial,1
894.OS589.lane3.NoIndex.L003,vombatidae,diprotodontia,fecal,herbivore,terrestrial,1
894.MR948.lane3.NoIndex.L003,vombatidae,diprotodontia,fecal,herbivore,terrestrial,1
894.OS588.lane3.NoIndex.L003,vombatidae,diprotodontia,fecal,herbivore,terrestrial,1
894.MR183.lane3.NoIndex.L003,trichosurus caninus,diprotodontia,fecal,herbivore,terrestrial,1
894.SV1401.lane5.NoIndex.L005,macropus sp,diprotodontia,fecal,herbivore,terrestrial,1
894.YY1802.lane5.NoIndex.L005,macropus sp,diprotodontia,fecal,herbivore,terrestrial,1
894.YY1204.lane5.NoIndex.L005,vombatidae,diprotodontia,fecal,herbivore,terrestrial,1
894.MR184.lane3.NoIndex.L003,trichosurus caninus,diprotodontia,fecal,herbivore,terrestrial,1
894.YY1106.lane5.NoIndex.L005,macropus sp,diprotodontia,fecal,herbivore,terrestrial,1
Aphids.tomato,macrosiphum euphorbiae,hemiptera,intestine,herbivore,terrestrial,1
Bee2,apis mellifera,hymenoptera,intestine,herbivore,terrestrial,1
Bee3,apis mellifera,hymenoptera,intestine,herbivore,terrestrial,1
Bee4,apis mellifera,hymenoptera,intestine,herbivore,terrestrial,1
Bee5,apis mellifera,hymenoptera,intestine,herbivore,terrestrial,1
Bee6,apis mellifera,hymenoptera,intestine,herbivore,terrestrial,1
1064.G.CV324,apis mellifera,hymenoptera,intestine,herbivore,terrestrial,1
894.YY959.lane3.NoIndex.L003,oryctolagus cuniculus,lagomorpha,fecal,herbivore,terrestrial,1
894.GV998.lane5.NoIndex.L005,oryctolagus cuniculus,lagomorpha,fecal,herbivore,terrestrial,1
894.UY687.lane3.NoIndex.L003,oryctolagus cuniculus,lagomorpha,fecal,herbivore,terrestrial,1
894.UY686.lane3.NoIndex.L003,oryctolagus cuniculus,lagomorpha,fecal,herbivore,terrestrial,1
894.UY695.lane3.NoIndex.L003,oryctolagus cuniculus,lagomorpha,fecal,herbivore,terrestrial,1
894.YY982.lane5.NoIndex.L005,oryctolagus cuniculus,lagomorpha,fecal,herbivore,terrestrial,1
SRR4290013,ochotona princeps,lagomorpha,fecal,herbivore,terrestrial,1
SRR4289985,ochotona princeps,lagomorpha,fecal,herbivore,terrestrial,1
SRR4289986,ochotona princeps,lagomorpha,fecal,herbivore,terrestrial,1
SRR4289992,ochotona princeps,lagomorpha,fecal,herbivore,terrestrial,1
SRR4289938,ochotona princeps,lagomorpha,fecal,herbivore,terrestrial,1
SRR4289942,ochotona princeps,lagomorpha,fecal,herbivore,terrestrial,1
SRR4289945,ochotona princeps,lagomorpha,fecal,herbivore,terrestrial,1
SRR4289967,ochotona princeps,lagomorpha,fecal,herbivore,terrestrial,1
SRR4289973,ochotona princeps,lagomorpha,fecal,herbivore,terrestrial,1
CL.SM.27.F,citheronia lobesis,lepidoptera,fecal,herbivore,terrestrial,1
EI.CV.8.H,eacles imperialis,lepidoptera,fecal,herbivore,terrestrial,1
EREB2.6215,pachydota saduca,lepidoptera,fecal,herbivore,terrestrial,1
HYCE.PRSE.9315,hyalophora cecropia,lepidoptera,fecal,herbivore,terrestrial,1
MORP.61215,morpho granadensis,lepidoptera,fecal,herbivore,terrestrial,1
RL.SM.8.H,rothschildia lebeau,lepidoptera,fecal,herbivore,terrestrial,1
SC.SS.17.H,syssphinx colla,lepidoptera,fecal,herbivore,terrestrial,1
SC.SS.7.F,syssphinx colla,lepidoptera,fecal,herbivore,terrestrial,1
SC.SS.7.H,syssphinx colla,lepidoptera,fecal,herbivore,terrestrial,1
TT.PQ.4.M,titaea tamerlan,lepidoptera,fecal,herbivore,terrestrial,1
ERR1720404,jalmenus evagoras,lepidoptera,intestine,herbivore,terrestrial,1
ERR1720464,edales pandava,lepidoptera,stomach,herbivore,terrestrial,1
ERR1720485,edales pandava,lepidoptera,stomach,herbivore,terrestrial,1
ERR1720486,edales pandava,lepidoptera,stomach,herbivore,terrestrial,1
ERR1720508,axiocerses thyra,lepidoptera,fecal,herbivore,terrestrial,1
ERR1720524,iolaus trimeni,lepidoptera,stomach,herbivore,terrestrial,1
ERR1720527,anthene sp,lepidoptera,intestine,herbivore,terrestrial,1
1773.Salt.max1.ugi,saltator maximus,passeriformes,fecal,herbivore,terrestrial,1
ERR1101979,alouatta palliata,primates,fecal,herbivore,terrestrial,1
ERR1101826,alouatta palliata,primates,fecal,herbivore,terrestrial,1
ERR1101997,alouatta palliata,primates,fecal,herbivore,terrestrial,1
ERR1101864,alouatta pigra,primates,fecal,herbivore,terrestrial,1
ERR1101816,alouatta palliata,primates,fecal,herbivore,terrestrial,1
ERR1101849,alouatta pigra,primates,fecal,herbivore,terrestrial,1
ERR1101842,alouatta pigra,primates,fecal,herbivore,terrestrial,1
ERR1102000,alouatta palliata,primates,fecal,herbivore,terrestrial,1
ERR1101920,alouatta pigra,primates,fecal,herbivore,terrestrial,1
ERR1101992,alouatta palliata,primates,fecal,herbivore,terrestrial,1
ERR1101944,alouatta pigra,primates,fecal,herbivore,terrestrial,1
ERR1101827,alouatta palliata,primates,fecal,herbivore,terrestrial,1
ERR1101904,alouatta pigra,primates,fecal,herbivore,terrestrial,1
ERR1101996,alouatta palliata,primates,fecal,herbivore,terrestrial,1
ERR1102001,alouatta palliata,primates,fecal,herbivore,terrestrial,1
ERR1101808,alouatta palliata,primates,fecal,herbivore,terrestrial,1
ERR1101883,alouatta pigra,primates,fecal,herbivore,terrestrial,1
ERR1101985,alouatta palliata,primates,fecal,herbivore,terrestrial,1
ERR1101990,alouatta palliata,primates,fecal,herbivore,terrestrial,1
ERR1101987,alouatta palliata,primates,fecal,herbivore,terrestrial,1
ERR1101813,alouatta palliata,primates,fecal,herbivore,terrestrial,1
ERR1101874,alouatta pigra,primates,fecal,herbivore,terrestrial,1
ERR1101965,alouatta palliata,primates,fecal,herbivore,terrestrial,1
ERR1101923,alouatta pigra,primates,fecal,herbivore,terrestrial,1
SRR946011,neotoma lepida,rodentia,forgut,herbivore,terrestrial,1
SRR946013,neotoma lepida,rodentia,forgut,herbivore,terrestrial,1
SRR945994,neotoma lepida,rodentia,forgut,herbivore,terrestrial,1
SRR2121131,myodes glareolus,rodentia,intestine,herbivore,terrestrial,1
SRR850052,neotoma albigula,rodentia,intestine,herbivore,terrestrial,1
SRR2121089,myodes glareolus,rodentia,forgut,herbivore,terrestrial,1
SRR2121090,myodes glareolus,rodentia,intestine,herbivore,terrestrial,1
SRR2121087,myodes glareolus,rodentia,intestine,herbivore,terrestrial,1
SRR2121103,myodes glareolus,rodentia,intestine,herbivore,terrestrial,1
SRR2121116,myodes glareolus,rodentia,intestine,herbivore,terrestrial,1
SRR850081,neotoma albigula,rodentia,stomach,herbivore,terrestrial,1
SRR935040,neotoma lepida,rodentia,forgut,herbivore,terrestrial,1
SRR935047,neotoma lepida,rodentia,forgut,herbivore,terrestrial,1
SRR2121157,myodes glareolus,rodentia,intestine,herbivore,terrestrial,1
SRR2121054,myodes glareolus,rodentia,intestine,herbivore,terrestrial,1
SRR2121062,myodes glareolus,rodentia,intestine,herbivore,terrestrial,1
SRR850062,neotoma albigula,rodentia,intestine,herbivore,terrestrial,1
SRR850072,neotoma albigula,rodentia,forgut,herbivore,terrestrial,1
SRR850054,neotoma albigula,rodentia,forgut,herbivore,terrestrial,1
963.Iguana.164.052711.GAM.vial.763,iguana iguana,squamata,fecal,herbivore,terrestrial,1
963.Iguana.54.062110.HPT.vial.260,iguana iguana,squamata,fecal,herbivore,terrestrial,1
963.Iguana.A4.2.061211.BOH.vial.980,iguana iguana,squamata,fecal,herbivore,terrestrial,1
963.Iguana.159.052511.SUR.vial.793,iguana iguana,squamata,fecal,herbivore,terrestrial,1
894.F1468.lane5.NoIndex.L005,canus lupus familiaris,carnivora,fecal,omnivore,terrestrial,1
894.SV1759.lane5.NoIndex.L005,canus lupus familiaris,carnivora,fecal,omnivore,terrestrial,1
894.F1456.lane5.NoIndex.L005,canus lupus dingo,carnivora,fecal,omnivore,terrestrial,1
894.F1457.lane5.NoIndex.L005,vulpes vulpes,carnivora,fecal,omnivore,terrestrial,1
894.F1570.lane5.NoIndex.L005,vulpes vulpes,carnivora,fecal,omnivore,terrestrial,1
894.SV1770.lane5.NoIndex.L005,canus lupus familiaris,carnivora,fecal,omnivore,terrestrial,1
894.F1561.lane5.NoIndex.L005,vulpes vulpes,carnivora,fecal,omnivore,terrestrial,1
894.F1560.lane5.NoIndex.L005,vulpes vulpes,carnivora,fecal,omnivore,terrestrial,1
894.F1568.lane5.NoIndex.L005,vulpes vulpes,carnivora,fecal,omnivore,terrestrial,1
894.F1556.lane5.NoIndex.L005,vulpes vulpes,carnivora,fecal,omnivore,terrestrial,1
894.UY733.lane3.NoIndex.L003,canus lupus familiaris,carnivora,fecal,omnivore,terrestrial,1
894.UY732.lane3.NoIndex.L003,canus lupus familiaris,carnivora,fecal,omnivore,terrestrial,1
894.F1459.lane5.NoIndex.L005,vulpes vulpes,carnivora,fecal,omnivore,terrestrial,1
894.F1554.lane5.NoIndex.L005,canus lupus familiaris,carnivora,fecal,omnivore,terrestrial,1
894.SV1322.lane5.NoIndex.L005,vulpes vulpes,carnivora,fecal,omnivore,terrestrial,1
894.F1463.lane5.NoIndex.L005,canus lupus familiaris,carnivora,fecal,omnivore,terrestrial,1
894.F1461.lane5.NoIndex.L005,vulpes vulpes,carnivora,fecal,omnivore,terrestrial,1
894.F1553.lane5.NoIndex.L005,canus lupus familiaris,carnivora,fecal,omnivore,terrestrial,1
894.F1460.lane5.NoIndex.L005,vulpes vulpes,carnivora,fecal,omnivore,terrestrial,1
894.C1524.lane5.NoIndex.L005,dromaius novaehollandiae,casuariiformes,fecal,omnivore,terrestrial,1
894.C1518.lane5.NoIndex.L005,dromaius novaehollandiae,casuariiformes,fecal,omnivore,terrestrial,1
894.C1519.lane5.NoIndex.L005,dromaius novaehollandiae,casuariiformes,fecal,omnivore,terrestrial,1
894.C1517.lane5.NoIndex.L005,dromaius novaehollandiae,casuariiformes,fecal,omnivore,terrestrial,1
894.C1516.lane5.NoIndex.L005,dromaius novaehollandiae,casuariiformes,fecal,omnivore,terrestrial,1
ERR1306253,camponotus sp,hymenoptera,intestine,omnivore,terrestrial,1
ERR1306021,camponotus sp,hymenoptera,intestine,omnivore,terrestrial,1
ERR1697524,homo sapiens,primates,fecal,omnivore,terrestrial,1
ERR1697594,homo sapiens,primates,fecal,omnivore,terrestrial,1
ERR1697587,homo sapiens,primates,fecal,omnivore,terrestrial,1
ERR1697562,homo sapiens,primates,fecal,omnivore,terrestrial,1
ERR1697659,homo sapiens,primates,fecal,omnivore,terrestrial,1
ERR1697655,homo sapiens,primates,fecal,omnivore,terrestrial,1
ERR1697609,homo sapiens,primates,fecal,omnivore,terrestrial,1
ERR1697540,homo sapiens,primates,fecal,omnivore,terrestrial,1
ERR1697554,homo sapiens,primates,fecal,omnivore,terrestrial,1
ERR1697683,homo sapiens,primates,fecal,omnivore,terrestrial,1
1696.CT0001.3,rhinopithecus brelichi,primates,fecal,omnivore,terrestrial,1
550.L1S202.s.1.sequence,homo sapiens,primates,fecal,omnivore,terrestrial,1
1696.CT0016.2,rhinopithecus brelichi,primates,fecal,omnivore,terrestrial,1
1774.41Fecal23.10.09,homo sapiens,primates,fecal,omnivore,terrestrial,1
1774.5.Inte.Puer,homo sapiens,primates,fecal,omnivore,terrestrial,1
1696.CT0005.0A,rhinopithecus brelichi,primates,fecal,omnivore,terrestrial,1
1774.67Fecal24.10.09,homo sapiens,primates,fecal,omnivore,terrestrial,1
1696.CT0005.0B,rhinopithecus brelichi,primates,fecal,omnivore,terrestrial,1
1696.CT0003.2,rhinopithecus brelichi,primates,fecal,omnivore,terrestrial,1
1696.CT0010.3B,rhinopithecus brelichi,primates,fecal,omnivore,terrestrial,1
1774.21Fecal22.10.09,homo sapiens,primates,fecal,omnivore,terrestrial,1
1696.CT0015.2,rhinopithecus brelichi,primates,fecal,omnivore,terrestrial,1
1774.60.Inte.Puer,homo sapiens,primates,fecal,omnivore,terrestrial,1
1774.220.Inte.Puer,homo sapiens,primates,fecal,omnivore,terrestrial,1
1696.CT0012.3,rhinopithecus brelichi,primates,fecal,omnivore,terrestrial,1
1774.1Fecal22.10.09,homo sapiens,primates,fecal,omnivore,terrestrial,1
1696.CT0012.4,rhinopithecus brelichi,primates,fecal,omnivore,terrestrial,1
722.M11Fcsw.1.s.1.1.sequence,homo sapiens,primates,fecal,omnivore,terrestrial,1
550.L1S223.s.1.sequence,homo sapiens,primates,fecal,omnivore,terrestrial,1
ERR2116964,eulemur rubriventer,primates,fecal,omnivore,terrestrial,1
ERR2116992,eulemur rubriventer,primates,fecal,omnivore,terrestrial,1
ERR2117000,eulemur rubriventer,primates,fecal,omnivore,terrestrial,1
sra_data-15,nepenthes rafflesiana,caryophyllales,NA,plant_other,terrestrial,1
sra_data-16,nepenthes rafflesiana,caryophyllales,NA,plant_other,terrestrial,1
sra_data-23,nepenthes rafflesiana,caryophyllales,NA,plant_other,terrestrial,1
sra_data-40,nepenthes rafflesiana,caryophyllales,NA,plant_other,terrestrial,1
sra_data-42,nepenthes rafflesiana,caryophyllales,NA,plant_other,terrestrial,1
MVB2015-2018,dendropsophus minutus,anura,intestine,carnivore,freshwater,2
MVB2015-2022,dendropsophus minutus,anura,intestine,carnivore,freshwater,2
MVB2015-2044,physalaemus cuvieri,anura,intestine,carnivore,freshwater,2
MVB2015-2088,dendropsophus sanborni,anura,intestine,carnivore,freshwater,2
MVB2015-2098,dendropsophus sanborni,anura,intestine,carnivore,freshwater,2
MVB2015-2218,cycloramphus boraceiensis,anura,intestine,carnivore,freshwater,2
MVB2015-2220,cycloramphus boraceiensis,anura,intestine,carnivore,freshwater,2
MVB2015-2222,haddadus binotatus,anura,intestine,carnivore,freshwater,2
MVB2015-2224,cycloramphus boraceiensis,anura,intestine,carnivore,freshwater,2
MVB2015-2228,cycloramphus boraceiensis,anura,intestine,carnivore,freshwater,2
MVB2015-2258,scinax hayii,anura,intestine,carnivore,freshwater,2
MVB2015-2260,thoropa taophora,anura,intestine,carnivore,freshwater,2
MVB2015-2264,thoropa taophora,anura,intestine,carnivore,freshwater,2
MVB2015-2266,thoropa taophora,anura,intestine,carnivore,freshwater,2
MVB2015-2289,scinax hayii,anura,intestine,carnivore,freshwater,2
MVB2015-4863,hylodes phyllodes,anura,intestine,carnivore,freshwater,2
MVB2015-5088,hylodes phyllodes,anura,intestine,carnivore,freshwater,2
MVB2015-5112,scinax littoralis,anura,intestine,carnivore,freshwater,2
MVB2015-5116,scinax trapicheroi,anura,intestine,carnivore,freshwater,2
MVB2015-5141,scinax hayii,anura,intestine,carnivore,freshwater,2
MVB2015-5163,hypsiboas albomarginatus,anura,intestine,carnivore,freshwater,2
Tad.I.001,boophis sp,anura,intestine,carnivore,freshwater,2
Tad.I.041,boophis sp,anura,intestine,carnivore,freshwater,2
Tad.I.056,boophis sp,anura,intestine,carnivore,freshwater,2
940.RD.04.Fecal,catostomus sp,cypriniformes,fecal,detritivore_scavenger,freshwater,2
940.CARP.28.Fecal,cyprinus carpio,cypriniformes,fecal,omnivore,freshwater,2
940.CR.35.Fecal,cyprinus carpio,cypriniformes,fecal,omnivore,freshwater,2
940.CARP.25.Fecal,cyprinus carpio,cypriniformes,fecal,omnivore,freshwater,2
ERR526319,gasterosteus aculeatus,gasterosteiformes,intestine,omnivore,freshwater,2
ERR526401,gasterosteus aculeatus,gasterosteiformes,intestine,omnivore,freshwater,2
ERR526402,gasterosteus aculeatus,gasterosteiformes,intestine,omnivore,freshwater,2
1734.LD.NBS1062E,peropteryx kappleri,chiroptera,fecal,carnivore,terrestrial,2
1734.LD.NBS1076E,noctilio leporinus,chiroptera,fecal,carnivore,terrestrial,2
1734.BD.ERD511,myotis elegans,chiroptera,fecal,carnivore,terrestrial,2
1734.LD.NBS1051F,pteronotus parnellii,chiroptera,fecal,carnivore,terrestrial,2
1734.LD.Ptepar1,peropteryx kappleri,chiroptera,fecal,carnivore,terrestrial,2
1734.LD.NBS1068E,mormoops megalophylla,chiroptera,fecal,carnivore,terrestrial,2
1734.LD.NBS1073B,pteronotus davyi,chiroptera,fecal,carnivore,terrestrial,2
1734.LD.QCAZ.M51307,desmodus rotundus,chiroptera,fecal,carnivore,terrestrial,2
1734.LD.NBS1051E,pteronotus parnellii,chiroptera,fecal,carnivore,terrestrial,2
1734.LD.NBS1079E,myotis elegans,chiroptera,fecal,carnivore,terrestrial,2
1734.LD.Ptepar2,pteronotus parnellii,chiroptera,fecal,carnivore,terrestrial,2
1734.BD.NBS1062,peropteryx kappleri,chiroptera,fecal,carnivore,terrestrial,2
1734.LD.NBS1060E,trachops cirrhosus,chiroptera,fecal,carnivore,terrestrial,2
1734.LD.NBS1074E,eptesicus furinalis,chiroptera,fecal,carnivore,terrestrial,2
1734.LD.Perkap1,mormoops megalophylla,chiroptera,fecal,carnivore,terrestrial,2
1734.LD.DTS1222,lophostoma brasiliense,chiroptera,fecal,carnivore,terrestrial,2
1734.LD.NBS1070E,eptesicus furinalis,chiroptera,fecal,carnivore,terrestrial,2
1734.BD.NBS1086,antrozous dubiaquercus,chiroptera,fecal,carnivore,terrestrial,2
1734.LD.DTS1221,myotis nigricans,chiroptera,fecal,carnivore,terrestrial,2
1734.LD.DTS1225,myotis simus,chiroptera,fecal,carnivore,terrestrial,2
1734.BD.ERD505,myotis elegans,chiroptera,fecal,carnivore,terrestrial,2
1734.LD.NBS1086E,antrozous dubiaquercus,chiroptera,fecal,carnivore,terrestrial,2
1734.BD.ERD507,myotis elegans,chiroptera,fecal,carnivore,terrestrial,2
1734.LD.NBS1055E,pteronotus davyi,chiroptera,fecal,carnivore,terrestrial,2
1734.LD.NBS1072E,rhynchonycteris naso,chiroptera,fecal,carnivore,terrestrial,2
1734.BD.NBS1051,pteronotus parnellii,chiroptera,fecal,carnivore,terrestrial,2
1734.BD.ERD501,trachops cirrhosus,chiroptera,fecal,carnivore,terrestrial,2
1056.Chl.tru.Mend.1,chlamyphorus truncatus,cingulata,fecal,carnivore,terrestrial,2
1056.Zae.pic.Mend.1,zaedyus pichiy,cingulata,fecal,carnivore,terrestrial,2
ERR1306087,dolichoderus sp,hymenoptera,intestine,carnivore,terrestrial,2
ERR1306014,neoponera sp,hymenoptera,intestine,carnivore,terrestrial,2
ERR1306423,azteca sp,hymenoptera,intestine,carnivore,terrestrial,2
ERR1720390,feniseca tarquinius,lepidoptera,stomach,carnivore,terrestrial,2
ERR1720467,logania marmorata,lepidoptera,stomach,carnivore,terrestrial,2
ERR1720477,miletus biggsii,lepidoptera,stomach,carnivore,terrestrial,2
ERR1720478,logania marmorata,lepidoptera,stomach,carnivore,terrestrial,2
ERR1720492,miletus biggsii,lepidoptera,fecal,carnivore,terrestrial,2
ERR1720494,aloeides pallida,lepidoptera,stomach,carnivore,terrestrial,2
ERR1720511,lepidochrysops wykehami,lepidoptera,stomach,carnivore,terrestrial,2
ERR1720513,lepidochrysops wykehami,lepidoptera,stomach,carnivore,terrestrial,2
1056.Myr.tri.Seat.9.04I04,myrmecophaga tridactyla,pilosa,fecal,carnivore,terrestrial,2
1056.Myr.tri.Seat.4.03H10,myrmecophaga tridactyla,pilosa,fecal,carnivore,terrestrial,2
SRR6075095,shinisaurus crocodilurus,squamata,fecal,carnivore,terrestrial,2
SRR6075137,shinisaurus crocodilurus,squamata,fecal,carnivore,terrestrial,2
SRR6075130,shinisaurus crocodilurus,squamata,fecal,carnivore,terrestrial,2
SRR6075132,shinisaurus crocodilurus,squamata,fecal,carnivore,terrestrial,2
SRR6075134,shinisaurus crocodilurus,squamata,fecal,carnivore,terrestrial,2
SRR6075136,shinisaurus crocodilurus,squamata,fecal,carnivore,terrestrial,2
SRR6075101,shinisaurus crocodilurus,squamata,fecal,carnivore,terrestrial,2
16.5.1.21.7.2014,teuchestes fossor,coleoptera,intestine,detritivore_scavenger,terrestrial,2
1734.LD.QCAZ.M51303,choeroniscus minor,chiroptera,fecal,herbivore,terrestrial,2
1734.LD.QCAZ.M50993,carollia brevicauda,chiroptera,fecal,herbivore,terrestrial,2
1734.LD.NBS1067E,artibeus jamaicensis,chiroptera,fecal,herbivore,terrestrial,2
1734.LD.NBS1081E,artibeus lituratus,chiroptera,fecal,herbivore,terrestrial,2
1734.LD.Sl1,artibeus glaucus,chiroptera,fecal,herbivore,terrestrial,2
1734.LD.NBS1083E,carollia sowelli,chiroptera,fecal,herbivore,terrestrial,2
1734.LD.Artlit1,artibeus lituratus,chiroptera,fecal,herbivore,terrestrial,2
1734.BD.ERD502,vampyressa thyone,chiroptera,fecal,herbivore,terrestrial,2
894.GV1903.lane2.NoIndex.L002,macropus sp,diprotodontia,fecal,herbivore,terrestrial,2
894.YY1148.lane5.NoIndex.L005,trichosurus caninus,diprotodontia,fecal,herbivore,terrestrial,2
ERR1306268,solenopsis sp,hymenoptera,intestine,herbivore,terrestrial,2
1064.G.CV04,apis mellifera,hymenoptera,intestine,herbivore,terrestrial,2
1064.G.CJV199,apis mellifera,hymenoptera,intestine,herbivore,terrestrial,2
1064.G.CV238,apis mellifera,hymenoptera,intestine,herbivore,terrestrial,2
1064.G.CJV200,apis mellifera,hymenoptera,intestine,herbivore,terrestrial,2
894.UY792.lane3.NoIndex.L003,oryctolagus cuniculus,lagomorpha,fecal,herbivore,terrestrial,2
894.F1440.lane5.NoIndex.L005,oryctolagus cuniculus,lagomorpha,fecal,herbivore,terrestrial,2
894.YY965.lane5.NoIndex.L005,oryctolagus cuniculus,lagomorpha,fecal,herbivore,terrestrial,2
894.SL847.lane3.NoIndex.L003,oryctolagus cuniculus,lagomorpha,fecal,herbivore,terrestrial,2
HERN.51915,hernandia stenura,laurales,fecal,herbivore,terrestrial,2
HEST.6415,hernandia stenura,laurales,fecal,herbivore,terrestrial,2
ADJO.R.6515,adeloneivaia jason,lepidoptera,fecal,herbivore,terrestrial,2
ARCT.62315,hypercompe icasia,lepidoptera,fecal,herbivore,terrestrial,2
AUPO.52015,automeris postalbida,lepidoptera,fecal,herbivore,terrestrial,2
BUQU.51615,bungalotis quadratum,lepidoptera,fecal,herbivore,terrestrial,2
CAAN.LITU.8615,callosamia angulifera,lepidoptera,fecal,herbivore,terrestrial,2
CACA.52815,caligo atreus,lepidoptera,fecal,herbivore,terrestrial,2
CAPH.6515,catonephele numilia,lepidoptera,fecal,herbivore,terrestrial,2
CL.SM.13.H,citheronia lobesis,lepidoptera,fecal,herbivore,terrestrial,2
CL.SM.25.F,citheronia lobesis,lepidoptera,fecal,herbivore,terrestrial,2
COPA.6515,copaxa rufinans,lepidoptera,fecal,herbivore,terrestrial,2
EI.SM.4.H,eacles imperialis,lepidoptera,fecal,herbivore,terrestrial,2
EI.SM.5.M,eacles imperialis,lepidoptera,fecal,herbivore,terrestrial,2
EPAR.51615,epargyreus sp,lepidoptera,fecal,herbivore,terrestrial,2
EUEG.81315.ASSY,euchaetes egle,lepidoptera,fecal,herbivore,terrestrial,2
EUPO.61715,euscirrhopterus poeyi,lepidoptera,fecal,herbivore,terrestrial,2
GONO.62415,gonodonta sp,lepidoptera,fecal,herbivore,terrestrial,2
HYCO.52015,hylesia continua,lepidoptera,fecal,herbivore,terrestrial,2
LABO.PIST.82815,lapara bombycoides,lepidoptera,fecal,herbivore,terrestrial,2
MEES.6515,melese espinoza01,lepidoptera,fecal,herbivore,terrestrial,2
MEMP.61215,memphis proserpina,lepidoptera,fecal,herbivore,terrestrial,2
NASA.51615,astraptes samson,lepidoptera,fecal,herbivore,terrestrial,2
NOCT.52815,pseudbarydia crespula,lepidoptera,fecal,herbivore,terrestrial,2
NOTO.52615,hemiceras nigrescens,lepidoptera,fecal,herbivore,terrestrial,2
NOTO.61215,cecrita probadhj04,lepidoptera,fecal,herbivore,terrestrial,2
NYAN.SANI.62315,nymphalis antiopa,lepidoptera,fecal,herbivore,terrestrial,2
NYMP.6515,archaeoprepona camilla,lepidoptera,fecal,herbivore,terrestrial,2
NYSQ.6515,nystalea squamosa,lepidoptera,fecal,herbivore,terrestrial,2
NYTA.6515,nyceryx tacita,lepidoptera,fecal,herbivore,terrestrial,2
OPTR.62415,ophisma tropicalis,lepidoptera,fecal,herbivore,terrestrial,2
PEIL.62515,perigonia ilus,lepidoptera,fecal,herbivore,terrestrial,2
PHRI.POTR.61715,pheosia rimosa,lepidoptera,fecal,herbivore,terrestrial,2
POLE.62415,polygonus leo,lepidoptera,fecal,herbivore,terrestrial,2
PSEUDOMYR.6215,pseudomyrmex spinicola,lepidoptera,intestine,herbivore,terrestrial,2
PTBR.52015,pterourus bryki,lepidoptera,fecal,herbivore,terrestrial,2
PTER.6515,pterourus bryki,lepidoptera,fecal,herbivore,terrestrial,2
RL.SM.10.H,rothschildia lebeau,lepidoptera,fecal,herbivore,terrestrial,2
RL.SM.15.F,rothschildia lebeau,lepidoptera,fecal,herbivore,terrestrial,2
RL.SM.15.H,rothschildia lebeau,lepidoptera,fecal,herbivore,terrestrial,2
RL.SM.22.H,rothschildia lebeau,lepidoptera,fecal,herbivore,terrestrial,2
SEAL.BEPO.RUOC.71315,selenia alciphearia,lepidoptera,fecal,herbivore,terrestrial,2
SPHI.52815,unzela japix,lepidoptera,fecal,herbivore,terrestrial,2
SPLE.62515,spragueia lepus,lepidoptera,fecal,herbivore,terrestrial,2
TARC.6215,zolessia felderi,lepidoptera,fecal,herbivore,terrestrial,2
TECR.BEPO.72215,tetracis crocallata,lepidoptera,fecal,herbivore,terrestrial,2
TT.PQ.4.F,titaea tamerlan,lepidoptera,fecal,herbivore,terrestrial,2
ERR1720401,jalmenus evagoras,lepidoptera,intestine,herbivore,terrestrial,2
ERR1720402,jalmenus evagoras,lepidoptera,intestine,herbivore,terrestrial,2
ERR1720405,jalmenus daemeli,lepidoptera,intestine,herbivore,terrestrial,2
ERR1720431,jalmenus evagoras,lepidoptera,intestine,herbivore,terrestrial,2
ERR1720432,jalmenus evagoras,lepidoptera,intestine,herbivore,terrestrial,2
ERR1720454,eooxylides tharis,lepidoptera,stomach,herbivore,terrestrial,2
ERR1720455,flos apidanus,lepidoptera,stomach,herbivore,terrestrial,2
ERR1720457,flos apidanus,lepidoptera,stomach,herbivore,terrestrial,2
ERR1720465,edales pandava,lepidoptera,stomach,herbivore,terrestrial,2
ERR1720501,chrysoritis chrysantas,lepidoptera,stomach,herbivore,terrestrial,2
ERR1720502,chrysoritis chrysantas,lepidoptera,fecal,herbivore,terrestrial,2
ERR1720503,axiocerses thyra,lepidoptera,stomach,herbivore,terrestrial,2
ERR1720504,axiocerses thyra,lepidoptera,stomach,herbivore,terrestrial,2
ERR1720528,anthene sp,lepidoptera,intestine,herbivore,terrestrial,2
ALLA.6415,alchornea latifolia,malpighales,fecal,herbivore,terrestrial,2
1773.Thraupis.gauco3.lgi,thraupis gaucocolpa,passeriformes,fecal,herbivore,terrestrial,2
1773.Salt.max2.lgi,saltator maximus,passeriformes,fecal,herbivore,terrestrial,2
1773.Salt.max2.gizz,saltator maximus,passeriformes,fecal,herbivore,terrestrial,2
1773.Chirox.lance2.lgi,chiroxiphia lanceolata,passeriformes,fecal,herbivore,terrestrial,2
1773.Chirox.lance2.ugi,chiroxiphia lanceolata,passeriformes,fecal,herbivore,terrestrial,2
1773.Chirox.lance3.lgi,chiroxiphia lanceolata,passeriformes,fecal,herbivore,terrestrial,2
ERR1101810,alouatta palliata,primates,fecal,herbivore,terrestrial,2
ERR1101972,alouatta palliata,primates,fecal,herbivore,terrestrial,2
SRR850064,neotoma albigula,rodentia,intestine,herbivore,terrestrial,2
SRR850065,neotoma albigula,rodentia,fecal,herbivore,terrestrial,2
SRR850069,neotoma albigula,rodentia,stomach,herbivore,terrestrial,2
963.Iguana.78.051611.LAB.vial.661,iguana iguana,squamata,fecal,herbivore,terrestrial,2
963.Iguana.26.052910.BCO.vial.128,iguana iguana,squamata,fecal,herbivore,terrestrial,2
963.Iguana.225.061011.SUR.vial.959,iguana iguana,squamata,fecal,herbivore,terrestrial,2
2300.BB.4064.anus,ursus americanus americanus,carnivora,fecal,omnivore,terrestrial,2
2300.BB.12.colon,ursus americanus americanus,carnivora,fecal,omnivore,terrestrial,2
2300.BB.4085.anus,ursus americanus americanus,carnivora,fecal,omnivore,terrestrial,2
2300.BB.4064.colon,ursus americanus americanus,carnivora,fecal,omnivore,terrestrial,2
2300.BB.08.anus,ursus americanus americanus,carnivora,fecal,omnivore,terrestrial,2
2300.BB.15.anus,ursus americanus americanus,carnivora,fecal,omnivore,terrestrial,2
2300.BB.05.colon,ursus americanus americanus,carnivora,fecal,omnivore,terrestrial,2
894.SV1768.lane5.NoIndex.L005,canus lupus familiaris,carnivora,fecal,omnivore,terrestrial,2
2300.BB.4085.colon,ursus americanus americanus,carnivora,fecal,omnivore,terrestrial,2
2300.BB.4067.anus,ursus americanus americanus,carnivora,fecal,omnivore,terrestrial,2
2300.BB.07.anus,ursus americanus americanus,carnivora,fecal,omnivore,terrestrial,2
1734.BD.ERD510,sturnira lilium,chiroptera,fecal,omnivore,terrestrial,2
1734.LD.NBS1047C,sturnira lilium,chiroptera,fecal,omnivore,terrestrial,2
1734.LD.DTS1230,chrotopterus auritus,chiroptera,fecal,omnivore,terrestrial,2
1734.LD.Urobil1,sturnira lilium,chiroptera,fecal,omnivore,terrestrial,2
1734.LD.Glosor1,glossophaga soricina,chiroptera,fecal,omnivore,terrestrial,2
1734.LD.Glosor2,glossophaga soricina,chiroptera,fecal,omnivore,terrestrial,2
1734.LD.NBS1049B,artibeus phaeotis,chiroptera,fecal,omnivore,terrestrial,2
1734.LD.DTS1224,glossophaga soricina,chiroptera,fecal,omnivore,terrestrial,2
1734.BD.ERD504,sturnira lilium,chiroptera,fecal,omnivore,terrestrial,2
1734.LD.Stulil2,sturnira lilium,chiroptera,fecal,omnivore,terrestrial,2
1734.BD.ERD503,sturnira lilium,chiroptera,fecal,omnivore,terrestrial,2
1734.BD.NBS1052,glossophaga soricina,chiroptera,fecal,omnivore,terrestrial,2
ERR1306176,gigantiops destructor,hymenoptera,intestine,omnivore,terrestrial,2
ERR1305971,gigantiops destructor,hymenoptera,intestine,omnivore,terrestrial,2
ERR1306082,pseudomyrmex sp,hymenoptera,intestine,omnivore,terrestrial,2
1773.Platy.flav1.gizz,platycichla flavipes,passeriformes,fecal,omnivore,terrestrial,2
1773.Platy.flav1.ugi,platycichla flavipes,passeriformes,fecal,omnivore,terrestrial,2
550.L1S92.s.1.sequence,homo sapiens,primates,fecal,omnivore,terrestrial,2
550.L2S77.s.2.sequence,homo sapiens,primates,fecal,omnivore,terrestrial,2
1774.302.Inte.Puer,homo sapiens,primates,fecal,omnivore,terrestrial,2
1774.24Fecal22.10.09,homo sapiens,primates,fecal,omnivore,terrestrial,2
550.L1S124.s.1.sequence,homo sapiens,primates,fecal,omnivore,terrestrial,2
1774.46Fecal23.10.09,homo sapiens,primates,fecal,omnivore,terrestrial,2
1774.44.Inte.Puer,homo sapiens,primates,fecal,omnivore,terrestrial,2
1774.L543.Inte.Puer,homo sapiens,primates,fecal,omnivore,terrestrial,2
550.L1S47.s.1.sequence,homo sapiens,primates,fecal,omnivore,terrestrial,2
1774.462.Inte.Puer,homo sapiens,primates,fecal,omnivore,terrestrial,2
550.L1S370.s.1.sequence,homo sapiens,primates,fecal,omnivore,terrestrial,2
1774.66Fecal24.10.09,homo sapiens,primates,fecal,omnivore,terrestrial,2
550.L2S53.s.2.sequence,homo sapiens,primates,fecal,omnivore,terrestrial,2
ERR2116909,eulemur rubriventer,primates,fecal,omnivore,terrestrial,2
ERR2116914,eulemur rubriventer,primates,fecal,omnivore,terrestrial,2
ERR2116949,eulemur rubriventer,primates,fecal,omnivore,terrestrial,2
ERR2116965,eulemur rubriventer,primates,fecal,omnivore,terrestrial,2
ERR2116994,eulemur rubriventer,primates,fecal,omnivore,terrestrial,2
ERR2117009,eulemur rubriventer,primates,fecal,omnivore,terrestrial,2
ERR2117010,eulemur rubriventer,primates,fecal,omnivore,terrestrial,2
CHGL.6415,chrysochlamys glauca,malpighiales,fecal,photosynthetic,terrestrial,2
COUSS.51915,coussapoa nymphaeifolia,rosales,fecal,photosynthetic,terrestrial,2
sra_data-25,nepenthes rafflesiana,caryophyllales,NA,plant_other,terrestrial,2
sra_data-30,nepenthes rafflesiana,caryophyllales,NA,plant_other,terrestrial,2
MVB2015-4871,phasmahyla cruzi,anura,intestine,carnivore,freshwater,3
MVB2015-4881,phasmahyla cruzi,anura,intestine,carnivore,freshwater,3
940.CR.53.Fecal,catostomus sp,cypriniformes,fecal,detritivore_scavenger,freshwater,3
940.CR.36.Fecal,catostomus sp,cypriniformes,fecal,detritivore_scavenger,freshwater,3
ERR526315,gasterosteus aculeatus,gasterosteiformes,intestine,omnivore,freshwater,3
1734.LD.NBS1054E,micronycteris microtis,chiroptera,fecal,carnivore,terrestrial,3
1734.LD.NBS1080E,rhogeessa aeneus,chiroptera,fecal,carnivore,terrestrial,3
1734.BD.ERD509,saccopteryx bilineata,chiroptera,fecal,carnivore,terrestrial,3
1734.BD.NBS1059,lophostoma evotis,chiroptera,fecal,carnivore,terrestrial,3
1734.BD.NBS1054,micronycteris microtis,chiroptera,fecal,carnivore,terrestrial,3
1734.BD.NBS1055,pteronotus davyi,chiroptera,fecal,carnivore,terrestrial,3
ERR1306329,pheidole sp,hymenoptera,intestine,carnivore,terrestrial,3
ERR1720460,logania marmorata,lepidoptera,stomach,carnivore,terrestrial,3
ERR1720480,miletus biggsii,lepidoptera,stomach,carnivore,terrestrial,3
ERR1720488,spalgis epeus,lepidoptera,fecal,carnivore,terrestrial,3
ERR1720519,lepidochrysops wykehami,lepidoptera,stomach,carnivore,terrestrial,3
ERR1720535,thestor yildizae,lepidoptera,stomach,carnivore,terrestrial,3
1056.Myr.tri.Seat.21.04K01,myrmecophaga tridactyla,pilosa,fecal,carnivore,terrestrial,3
1056.Myr.tri.Seat.1.07C04,myrmecophaga tridactyla,pilosa,fecal,carnivore,terrestrial,3
1773.Columb.passer5.lgi,columbina passerina,columbiformes,fecal,herbivore,terrestrial,3
1773.Columb.passer1,columbina passerina,columbiformes,fecal,herbivore,terrestrial,3
1773.Columb.passer4,columbina passerina,columbiformes,fecal,herbivore,terrestrial,3
1773.Columb.passer5.gizz,columbina passerina,columbiformes,fecal,herbivore,terrestrial,3
1773.Columb.passer6.lgi,columbina passerina,columbiformes,fecal,herbivore,terrestrial,3
1773.Columb.passer8.crop,columbina passerina,columbiformes,fecal,herbivore,terrestrial,3
1773.Columb.passer1.ugi,columbina passerina,columbiformes,fecal,herbivore,terrestrial,3
1773.Columb.passer2.lgi,columbina passerina,columbiformes,fecal,herbivore,terrestrial,3
1773.Columb.talpa6.gizz,columbina talpacoti,columbiformes,fecal,herbivore,terrestrial,3
1773.Columb.passer1.gizz,columbina passerina,columbiformes,fecal,herbivore,terrestrial,3
1773.Columb.talpa5.crop,columbina talpacoti,columbiformes,fecal,herbivore,terrestrial,3
1773.Columb.talpa3.lgi,columbina talpacoti,columbiformes,fecal,herbivore,terrestrial,3
1773.Columb.talpa3.crop,columbina talpacoti,columbiformes,fecal,herbivore,terrestrial,3
1773.Columb.talpa5.ugi,columbina talpacoti,columbiformes,fecal,herbivore,terrestrial,3
1773.Columb.talpa2.gizz,columbina talpacoti,columbiformes,fecal,herbivore,terrestrial,3
1773.Columb.talpa6.lgi,columbina talpacoti,columbiformes,fecal,herbivore,terrestrial,3
1773.Columb.talpa6.ugi,columbina talpacoti,columbiformes,fecal,herbivore,terrestrial,3
1064.G.CV263,apis mellifera,hymenoptera,intestine,herbivore,terrestrial,3
ACLE.POTR.62315,acronicta lepusculina,lepidoptera,fecal,herbivore,terrestrial,3
ANTH.61215,antirrhea lindigii,lepidoptera,fecal,herbivore,terrestrial,3
CAAT.52415,caligo atreus,lepidoptera,fecal,herbivore,terrestrial,3
CACA.SANI.52415,catocala cara,lepidoptera,fecal,herbivore,terrestrial,3
CEUN.FRsp.72215,ceratomia undulosa,lepidoptera,fecal,herbivore,terrestrial,3
CL.SM.13.F,citheronia lobesis,lepidoptera,fecal,herbivore,terrestrial,3
CL.SM.16.F,citheronia lobesis,lepidoptera,fecal,herbivore,terrestrial,3
DYSC.52415,dysschema viuda,lepidoptera,fecal,herbivore,terrestrial,3
EAIM.PIRI.9315,eacles imperialis,lepidoptera,fecal,herbivore,terrestrial,3
EI.SM.10.F,eacles imperialis,lepidoptera,fecal,herbivore,terrestrial,3
EREB1.6215,melese espinoza01,lepidoptera,fecal,herbivore,terrestrial,3
EUCL.PRSE.51015,eutrapela clemataria,lepidoptera,fecal,herbivore,terrestrial,3
EUFU.61915,eutelia furcata,lepidoptera,fecal,herbivore,terrestrial,3
LIHE.ACNE.BEPO.51915,lithophane hemina,lepidoptera,fecal,herbivore,terrestrial,3
MOAM.51615,morpho amathonte,lepidoptera,fecal,herbivore,terrestrial,3
NOT2.61215,sericochroa janzen01,lepidoptera,fecal,herbivore,terrestrial,3
NOTO.POTR.61715,notodonta torva,lepidoptera,fecal,herbivore,terrestrial,3
OXYT.6215,oxytenis beprea,lepidoptera,fecal,herbivore,terrestrial,3
PAFU.PIST.62315,panthea furcilla,lepidoptera,fecal,herbivore,terrestrial,3
PYIS.ROMU.101215,pyrrharctia isabella,lepidoptera,fecal,herbivore,terrestrial,3
RL.SM.22.F,rothschildia lebeau,lepidoptera,fecal,herbivore,terrestrial,3
SARE.52215,morpho polyphemus catalina,lepidoptera,fecal,herbivore,terrestrial,3
SPHI.61215,xylophanes loelia,lepidoptera,fecal,herbivore,terrestrial,3
SPLA.62015,spodoptera latifascia,lepidoptera,fecal,herbivore,terrestrial,3
TAYG.6515,taygetis rufomarginata,lepidoptera,fecal,herbivore,terrestrial,3
TECA.PRSE.72215,tetracis cachexiata,lepidoptera,fecal,herbivore,terrestrial,3
ERR1720400,jalmenus evagoras,lepidoptera,intestine,herbivore,terrestrial,3
ERR1720408,jalmenus daemeli,lepidoptera,intestine,herbivore,terrestrial,3
ERR1720523,epamera mimosae,lepidoptera,stomach,herbivore,terrestrial,3
ERR1720559,eumaeus atala,lepidoptera,intestine,herbivore,terrestrial,3
1773.Thraupis.gauco2.lgi,thraupis gaucocolpa,passeriformes,fecal,herbivore,terrestrial,3
1773.Thraupis.palm1.ugi,thraupis palmarum,passeriformes,fecal,herbivore,terrestrial,3
1773.Salt.max4.ugi,saltator maximus,passeriformes,fecal,herbivore,terrestrial,3
1773.Thraupis.gauco1.lgi,thraupis gaucocolpa,passeriformes,fecal,herbivore,terrestrial,3
1773.Salt.max4.lgi,saltator maximus,passeriformes,fecal,herbivore,terrestrial,3
1773.Thraupis.palm1.lgi,thraupis palmarum,passeriformes,fecal,herbivore,terrestrial,3
1773.Zono.capensis2.ugi,zonotrichia capensis,passeriformes,fecal,herbivore,terrestrial,3
1773.Rhamp.carbo3.ugi,ramphocelus carbo,passeriformes,fecal,herbivore,terrestrial,3
1773.Zono.capensis2.lgi,zonotrichia capensis,passeriformes,fecal,herbivore,terrestrial,3
1773.Rhamp.carbo1.gizz,ramphocelus carbo,passeriformes,fecal,herbivore,terrestrial,3
1773.Rhamp.carbo2.ugi,ramphocelus carbo,passeriformes,fecal,herbivore,terrestrial,3
1773.Rhamp.carbo1.ugi,ramphocelus carbo,passeriformes,fecal,herbivore,terrestrial,3
1773.Thraupis.gauco2,thraupis gaucocolpa,passeriformes,fecal,herbivore,terrestrial,3
1773.Zono.capensis1.lgi,zonotrichia capensis,passeriformes,fecal,herbivore,terrestrial,3
1773.Zono.capensis2.gizz,zonotrichia capensis,passeriformes,fecal,herbivore,terrestrial,3
1773.Chirox.lance3.gizz,chiroxiphia lanceolata,passeriformes,fecal,herbivore,terrestrial,3
1773.Zono.capensis1.ugi,zonotrichia capensis,passeriformes,fecal,herbivore,terrestrial,3
1773.Salt.max1.lgi,saltator maximus,passeriformes,fecal,herbivore,terrestrial,3
1773.Rhamp.carbo1.lgi,ramphocelus carbo,passeriformes,fecal,herbivore,terrestrial,3
1773.Rhamp.carbo2.gizz,ramphocelus carbo,passeriformes,fecal,herbivore,terrestrial,3
1773.Thraupis.palm1.gizz,thraupis palmarum,passeriformes,fecal,herbivore,terrestrial,3
1773.Thraupis.gauco2.gizz,thraupis gaucocolpa,passeriformes,fecal,herbivore,terrestrial,3
1773.Zono.capensis1.gizz,zonotrichia capensis,passeriformes,fecal,herbivore,terrestrial,3
1773.Salt.max3.gizz,saltator maximus,passeriformes,fecal,herbivore,terrestrial,3
1773.Chirox.lance1.ugi,chiroxiphia lanceolata,passeriformes,fecal,herbivore,terrestrial,3
1773.Chirox.lance1.lgi,chiroxiphia lanceolata,passeriformes,fecal,herbivore,terrestrial,3
1773.Chirox.lance1.gizz,chiroxiphia lanceolata,passeriformes,fecal,herbivore,terrestrial,3
SRR2121109,myodes glareolus,rodentia,forgut,herbivore,terrestrial,3
963.Iguana.14.053010.BCO.vial.190,iguana iguana,squamata,fecal,herbivore,terrestrial,3
1773.Turdus.oliv2.gizz,turdus olivater,passeriformes,fecal,omnivore,terrestrial,3
1773.Turdus.oliv1.lgi,turdus olivater,passeriformes,fecal,omnivore,terrestrial,3
1773.Turdus.oliv2.lgi,turdus olivater,passeriformes,fecal,omnivore,terrestrial,3
1773.Turdus.oliv2.ugi,turdus olivater,passeriformes,fecal,omnivore,terrestrial,3
1773.Platy.flav2.ugi,platycichla flavipes,passeriformes,fecal,omnivore,terrestrial,3
1773.Platy.flav2.lgi,platycichla flavipes,passeriformes,fecal,omnivore,terrestrial,3
1773.Platy.flav2.gizz,platycichla flavipes,passeriformes,fecal,omnivore,terrestrial,3
1774.35Fecal23.10.09,homo sapiens,primates,fecal,omnivore,terrestrial,3
1774.64Fecal24.10.09,homo sapiens,primates,fecal,omnivore,terrestrial,3
550.L1S118.s.1.sequence,homo sapiens,primates,fecal,omnivore,terrestrial,3
1774.31Fecal23.10.09,homo sapiens,primates,fecal,omnivore,terrestrial,3
1774.258.Inte.Puer,homo sapiens,primates,fecal,omnivore,terrestrial,3
1774.187.Inte.Puer,homo sapiens,primates,fecal,omnivore,terrestrial,3
1774.451.Inte.Puer,homo sapiens,primates,fecal,omnivore,terrestrial,3
sra_data-27,nepenthes rafflesiana,caryophyllales,NA,plant_other,terrestrial,3
sra_data-44,nepenthes rafflesiana,caryophyllales,NA,plant_other,terrestrial,3
sra_data-46,nepenthes rafflesiana,caryophyllales,NA,plant_other,terrestrial,3
MVB2015-4946,hypsiboas faber,anura,intestine,carnivore,freshwater,4
MVB2015-5115,scinax littoralis,anura,intestine,carnivore,freshwater,4
MVB2015-5119,hypsiboas faber,anura,intestine,carnivore,freshwater,4
ERR1720475,miletus biggsii,lepidoptera,intestine,carnivore,terrestrial,4
ERR1720529,lachnocnema bibulus,lepidoptera,stomach,carnivore,terrestrial,4
ERR1720534,thestor yildizae,lepidoptera,stomach,carnivore,terrestrial,4
ERR1720537,thestor yildizae,lepidoptera,stomach,carnivore,terrestrial,4
ERR1720538,thestor yildizae,lepidoptera,stomach,carnivore,terrestrial,4
ERR1720541,thestor yildizae,lepidoptera,stomach,carnivore,terrestrial,4
ERR1720542,thestor yildizae,lepidoptera,stomach,carnivore,terrestrial,4
ERR1720544,thestor yildizae,lepidoptera,stomach,carnivore,terrestrial,4
1734.LD.QCAZ.M51309,choeroniscus minor,chiroptera,fecal,herbivore,terrestrial,4
1773.Columb.talpa2.crop,columbina talpacoti,columbiformes,fecal,herbivore,terrestrial,4
1064.G.CV05,apis mellifera,hymenoptera,intestine,herbivore,terrestrial,4
1064.G.CV315,apis mellifera,hymenoptera,intestine,herbivore,terrestrial,4
1064.G.CV284,apis mellifera,hymenoptera,intestine,herbivore,terrestrial,4
1064.G.CV92,apis mellifera,hymenoptera,intestine,herbivore,terrestrial,4
ARDE.6915,archaeoprepona demophoon,lepidoptera,fecal,herbivore,terrestrial,4
CL.SM.28.F,citheronia lobesis,lepidoptera,fecal,herbivore,terrestrial,4
DIFE.62515,diphthera festiva,lepidoptera,fecal,herbivore,terrestrial,4
EI.SM.14.H,eacles imperialis,lepidoptera,fecal,herbivore,terrestrial,4
EI.SM.14.M,eacles imperialis,lepidoptera,fecal,herbivore,terrestrial,4
LYUN.PRSE.RUsp.52115,lytrosis unitaria,lepidoptera,fecal,herbivore,terrestrial,4
SPOD.61615,spodoptera latifascia,lepidoptera,fecal,herbivore,terrestrial,4
UDKI.6915,udranomia kikkawai,lepidoptera,fecal,herbivore,terrestrial,4
ERR1720394,jalmenus evagoras,lepidoptera,intestine,herbivore,terrestrial,4
ERR1720395,jalmenus evagoras,lepidoptera,intestine,herbivore,terrestrial,4
ERR1720409,anthene usamba,lepidoptera,stomach,herbivore,terrestrial,4
ERR1720410,anthene usamba,lepidoptera,fecal,herbivore,terrestrial,4
ERR1720412,anthene usamba,lepidoptera,intestine,herbivore,terrestrial,4
ERR1720417,anthene usamba,lepidoptera,fecal,herbivore,terrestrial,4
ERR1720418,anthene usamba,lepidoptera,stomach,herbivore,terrestrial,4
ERR1720422,anthene usamba,lepidoptera,stomach,herbivore,terrestrial,4
ERR1720426,anthene usamba,lepidoptera,fecal,herbivore,terrestrial,4
ERR1720429,anthene usamba,lepidoptera,stomach,herbivore,terrestrial,4
ERR1720453,flos apidanus,lepidoptera,stomach,herbivore,terrestrial,4
ERR1720456,flos apidanus,lepidoptera,stomach,herbivore,terrestrial,4
ERR1720479,flos sp,lepidoptera,stomach,herbivore,terrestrial,4
ERR1720491,surendra vivarna,lepidoptera,fecal,herbivore,terrestrial,4
ERR1720505,axiocerses thyra,lepidoptera,fecal,herbivore,terrestrial,4
ERR1720525,lycaenidae,lepidoptera,stomach,herbivore,terrestrial,4
ERR1720526,lycaenidae,lepidoptera,intestine,herbivore,terrestrial,4
ERR1720554,eumaeus atala,lepidoptera,intestine,herbivore,terrestrial,4
ERR1720555,eumaeus atala,lepidoptera,intestine,herbivore,terrestrial,4
ERR1720557,eumaeus atala,lepidoptera,intestine,herbivore,terrestrial,4
ERR1720558,eumaeus atala,lepidoptera,intestine,herbivore,terrestrial,4
ERR1720435,maculinea alcon,lepidoptera,intestine,carnivore,terrestrial,5
ERR1720436,maculinea alcon,lepidoptera,stomach,carnivore,terrestrial,5
ERR1720438,maculinea alcon,lepidoptera,stomach,carnivore,terrestrial,5
ERR1720439,maculinea alcon,lepidoptera,intestine,carnivore,terrestrial,5
ERR1720440,maculinea alcon,lepidoptera,stomach,carnivore,terrestrial,5
ERR1720469,logania marmorata,lepidoptera,stomach,carnivore,terrestrial,5
ERR1720471,spalgis epeus,lepidoptera,stomach,carnivore,terrestrial,5
ERR1720483,spalgis epeus,lepidoptera,stomach,carnivore,terrestrial,5
ERR1720484,spalgis epeus,lepidoptera,stomach,carnivore,terrestrial,5
ERR1720487,spalgis epeus,lepidoptera,stomach,carnivore,terrestrial,5
ERR1720489,spalgis epeus,lepidoptera,stomach,carnivore,terrestrial,5
ERR1720531,lachnocnema bibulus,lepidoptera,intestine,carnivore,terrestrial,5
ERR1720533,lachnocnema bibulus,lepidoptera,stomach,carnivore,terrestrial,5
ERR1720403,jalmenus evagoras,lepidoptera,intestine,herbivore,terrestrial,5
ERR1720414,anthene usamba,lepidoptera,intestine,herbivore,terrestrial,5
ERR1720446,maculinea alcon,lepidoptera,intestine,herbivore,terrestrial,5
ERR1720447,maculinea alcon,lepidoptera,intestine,herbivore,terrestrial,5
ERR1720450,maculinea alcon,lepidoptera,stomach,herbivore,terrestrial,5
ERR1720452,maculinea alcon,lepidoptera,intestine,herbivore,terrestrial,5
ERR1720458,flos apidanus,lepidoptera,stomach,herbivore,terrestrial,5
ERR1720461,surendra vivarna,lepidoptera,stomach,herbivore,terrestrial,5
ERR1720462,surendra vivarna,lepidoptera,stomach,herbivore,terrestrial,5
ERR1720482,rapala iarbus,lepidoptera,stomach,herbivore,terrestrial,5
ERR1720497,phasis thysbe,lepidoptera,stomach,herbivore,terrestrial,5
ERR1720499,lycaena clarki,lepidoptera,stomach,herbivore,terrestrial,5
ERR1720500,lycaena clarki,lepidoptera,stomach,herbivore,terrestrial,5
ERR1720546,durbania amakosa,lepidoptera,intestine,herbivore,terrestrial,5
ERR1720547,durbania amakosa,lepidoptera,stomach,herbivore,terrestrial,5
ERR1720548,durbania amakosa,lepidoptera,stomach,herbivore,terrestrial,5
ERR1720549,durbania amakosa,lepidoptera,stomach,herbivore,terrestrial,5
ERR1720552,durbania amakosa,lepidoptera,stomach,herbivore,terrestrial,5